Level,Name,P@0.50,R@0.50,F1,F2,mAP@0.50,R@0.75
ALL,ALL,0.275999,0.985097,0.431190,0.650727,0.973600,0.918065
CLASS,전차선,0.488949,0.993428,0.655347,0.823497,,0.906900
CLASS,프로텍터,0.339711,0.991826,0.506083,0.716677,,0.970027
CLASS,행거,0.256440,0.997010,0.407951,0.631988,,0.985052
CLASS,클램프 류,0.181089,0.993122,0.306322,0.523568,,0.962861
CLASS,애자 류,0.257779,0.989461,0.409003,0.631162,,0.954333
CLASS,전차선,0.284779,0.995759,0.442894,0.664140,,0.908821
CLASS,프로텍터,0.169195,0.914204,0.285544,0.486111,,0.645377
CLASS,행거,0.191343,0.980896,0.320221,0.537396,,0.933872
CLASS,클램프 류,0.210479,0.991561,0.347248,0.569145,,0.959916
CLASS,애자 류,0.333150,0.987986,0.498280,0.709191,,0.946650
